Power,Time
0,0.011675834655761719
1,0.010541915893554688
2,0.009346961975097656
3,0.00906682014465332
4,0.009150266647338867
5,0.01041412353515625
6,0.00955510139465332
7,0.010849952697753906
8,0.012166976928710938
