Power,Time
0,0.034133195877075195
1,0.02951502799987793
2,0.03194832801818848
3,0.028902053833007812
4,0.029508113861083984
5,0.03193330764770508
6,0.03233814239501953
7,0.03250479698181152
