Power,Time
0,0.01876211166381836
1,0.018026113510131836
2,0.020248889923095703
3,0.020285844802856445
4,0.020076990127563477
5,0.022893667221069336
6,0.022597312927246094
7,0.022681713104248047
