Power,Time
0,0.010575294494628906
1,0.010087966918945312
2,0.009206056594848633
3,0.009285926818847656
4,0.009362220764160156
5,0.009678125381469727
6,0.009524822235107422
7,0.011287689208984375
