Power,Time
0,0.01129603385925293
1,0.010335922241210938
2,0.009708642959594727
3,0.009685039520263672
4,0.010055065155029297
5,0.010574102401733398
6,0.009572982788085938
7,0.0110931396484375
