Power,Time
0,0.019083023071289062
1,0.017863035202026367
2,0.02058100700378418
3,0.020270109176635742
4,0.019749879837036133
5,0.022697925567626953
6,0.022775888442993164
7,0.02319192886352539
