Power,Time
0,0.010780096054077148
1,0.009906768798828125
2,0.009235143661499023
3,0.009250164031982422
4,0.00923609733581543
5,0.010007143020629883
6,0.009256362915039062
7,0.01211094856262207
