Power,Time
0,0.010329246520996094
1,0.009956836700439453
2,0.009389162063598633
3,0.009488105773925781
4,0.009614229202270508
5,0.024664878845214844
6,0.0103302001953125
7,0.010421037673950195
