Power,Time
0,0.01069021224975586
1,0.010040044784545898
2,0.00922703742980957
3,0.009137868881225586
4,0.008866071701049805
5,0.009639739990234375
6,0.008976936340332031
7,0.010745048522949219
