Power,Time
0,0.05359697341918945
1,0.018970966339111328
2,0.020528078079223633
3,0.020497798919677734
4,0.02076888084411621
5,0.027299165725708008
6,0.02361321449279785
7,0.022839069366455078
