Power,Time
0,0.020641088485717773
1,0.019422292709350586
2,0.02100396156311035
3,0.020899057388305664
4,0.020088911056518555
5,0.02315998077392578
6,0.022866249084472656
7,0.022908926010131836
