Power,Time
0,0.04933285713195801
1,0.01828908920288086
2,0.021380901336669922
3,0.02106189727783203
4,0.021239042282104492
5,0.026569128036499023
6,0.023651123046875
7,0.023283004760742188
8,0.023680925369262695
9,0.0427708625793457
10,0.02989983558654785
11,0.03126788139343262
12,0.05518841743469238
13,0.033746957778930664
14,0.03375530242919922
15,0.03250598907470703
16,0.03228425979614258
