Power,Time
0,0.015600919723510742
1,0.011053085327148438
2,0.010566234588623047
3,0.009663105010986328
4,0.009845972061157227
5,0.00970005989074707
6,0.009531021118164062
7,0.010616064071655273
8,0.011981964111328125
