Power,Time
0,0.011231184005737305
1,0.010069131851196289
2,0.009682178497314453
3,0.01025700569152832
4,0.01122593879699707
5,0.010673284530639648
6,0.010406017303466797
7,0.01625800132751465
8,0.011840105056762695
