Power,Time
0,0.04435920715332031
1,0.01830601692199707
2,0.020705699920654297
3,0.020900964736938477
4,0.02082514762878418
5,0.02568817138671875
6,0.023478984832763672
7,0.023606061935424805
8,0.023787975311279297
9,0.04123997688293457
10,0.03521609306335449
11,0.0332789421081543
12,0.03307509422302246
13,0.028473854064941406
14,0.028702974319458008
15,0.029324054718017578
16,0.030508041381835938
