Power,Time
0,0.019649028778076172
1,0.019752979278564453
2,0.02239203453063965
3,0.023469209671020508
4,0.020207643508911133
5,0.023244857788085938
6,0.022923946380615234
7,0.02293705940246582
